{
  "lstm": {
    "cfg": {
      "window": 30,
      "units": 128,
      "dropout": 0.2
    },
    "mae": 31.942685227897346,
    "rmse": 2021.7832032926217,
    "r2": 0.9950812109870346
  },
  "bilstm": {
    "cfg": {
      "window": 60,
      "units": 128,
      "dropout": 0.2
    },
    "mae": 26.85709460294701,
    "rmse": 1588.1087120736709,
    "r2": 0.9961463660524549
  },
  "gru": {
    "cfg": {
      "window": 45,
      "units": 128,
      "dropout": 0.2
    },
    "mae": 21.04658975877798,
    "rmse": 1093.7997449854615,
    "r2": 0.9973424910083282
  },
  "ensemble": {
    "mae": 25.73750772752801,
    "rmse": 1458.0020965092538,
    "r2": 0.9964576206027537
  }
}