{
  "lstm": {
    "mae": 53.509420145902645,
    "rmse": 6639.586562677047,
    "r2": 0.9835794134218507
  },
  "bilstm": {
    "mae": 24.893746843809403,
    "rmse": 1431.5548340067428,
    "r2": 0.9964595732172068
  },
  "gru": {
    "mae": 23.31340461992044,
    "rmse": 1163.2075313815276,
    "r2": 0.9971232320270098
  },
  "ensemble": {
    "mae": 28.810429910289933,
    "rmse": 1925.2577386766634,
    "r2": 0.995238579829518
  }
}