{
  "lstm": {
    "mae": 43.10475626112543,
    "rmse": 3706.4743033155446,
    "r2": 0.991006034352453
  },
  "bilstm": {
    "mae": 24.283722464645948,
    "rmse": 1399.1679294111784,
    "r2": 0.9966048413499005
  },
  "gru": {
    "mae": 25.951941845085067,
    "rmse": 1616.0306060185353,
    "r2": 0.9960786120268219
  },
  "ensemble": {
    "mae": 28.889283153678814,
    "rmse": 1880.0837011049825,
    "r2": 0.9954378725337107
  }
}